{"IcoMoonType":"selection","icons":[{"icon":{"paths":["M1024 921.6c0 56.525-45.807 102.4-102.4 102.4h-819.2c-56.559 0-102.4-45.875-102.4-102.4v-819.2c0-56.559 45.841-102.4 102.4-102.4h819.2c56.593 0 102.4 45.841 102.4 102.4v819.2z","M600.303 778.889l-172.476-266.889v266.889h-188.894v-533.777h184.798l172.442 264.841v-264.841h188.894v533.811h-184.764z"],"attrs":[{"fill":"rgb(3, 207, 93)"},{"fill":"rgb(255, 255, 255)"}],"isMulticolor":true,"isMulticolor2":false,"grid":0,"tags":["sp_search"],"colorPermutations":{"25525525513207931":[{"f":0},{"f":1}]}},"attrs":[{"fill":"rgb(3, 207, 93)"},{"fill":"rgb(255, 255, 255)"}],"properties":{"order":2,"id":0,"name":"naver_icon","prevSize":32,"code":59648,"codes":[59648,59649]},"setIdx":0,"setId":2,"iconIdx":0}],"height":1024,"metadata":{"name":"icomoon"},"preferences":{"showGlyphs":true,"showQuickUse":true,"showQuickUse2":true,"showSVGs":true,"fontPref":{"prefix":"icon-","metadata":{"fontFamily":"icomoon"},"metrics":{"emSize":1024,"baseline":6.25,"whitespace":50},"embed":false},"imagePref":{"prefix":"icon-","png":true,"useClassSelector":true,"color":0,"bgColor":16777215,"classSelector":".icon"},"historySize":50,"showCodes":true,"gridSize":16}}